{"cameraMode":{"drawMode":0,"name":"Shaded","section":"Shading Mode"},"sceneLighting":true,"audioPlay":false,"sceneViewState":{"m_AlwaysRefresh":false,"showFog":true,"showSkybox":true,"showFlares":true,"showImageEffects":true,"showParticleSystems":true,"showVisualEffectGraphs":true,"m_FxEnabled":true},"in2DMode":false,"pivot":{"x":978.2883911132813,"y":266.2479248046875,"z":-284.7204895019531},"rotation":{"x":0.007753012701869011,"y":-0.9661846160888672,"z":0.25625574588775637,"w":0.015558730810880661},"size":1101.45361328125,"orthographic":false}