{"cameraMode":{"drawMode":0,"name":"Shaded","section":"Shading Mode"},"sceneLighting":false,"audioPlay":false,"sceneViewState":{"m_AlwaysRefresh":false,"showFog":true,"showSkybox":false,"showFlares":true,"showImageEffects":true,"showParticleSystems":true,"showVisualEffectGraphs":true,"m_FxEnabled":true},"in2DMode":false,"pivot":{"x":-180.27410888671876,"y":7.9045023918151859,"z":52.17007064819336},"rotation":{"x":-0.06579538434743881,"y":0.04452522099018097,"z":-0.0004121863457839936,"w":-0.9965904355049133},"size":12.12435531616211,"orthographic":false}