{"cameraMode":{"drawMode":0,"name":"Shaded","section":"Shading Mode"},"sceneLighting":false,"audioPlay":false,"sceneViewState":{"m_AlwaysRefresh":false,"showFog":true,"showSkybox":false,"showFlares":true,"showImageEffects":true,"showParticleSystems":true,"showVisualEffectGraphs":true,"m_FxEnabled":true},"in2DMode":false,"pivot":{"x":5.1542792320251469,"y":25.139848709106447,"z":6.835008144378662},"rotation":{"x":-0.00910657923668623,"y":-0.9396756291389465,"z":-0.025086063891649247,"w":0.34118765592575076},"size":5.0000200271606449,"orthographic":false}