{"cameraMode":{"drawMode":0,"name":"Shaded","section":"Shading Mode"},"sceneLighting":false,"audioPlay":false,"sceneViewState":{"m_AlwaysRefresh":false,"showFog":true,"showSkybox":false,"showFlares":true,"showImageEffects":true,"showParticleSystems":true,"showVisualEffectGraphs":true,"m_FxEnabled":true},"in2DMode":false,"pivot":{"x":-23.227577209472658,"y":0.6669013500213623,"z":7.326169013977051},"rotation":{"x":0.2189190685749054,"y":0.029627550393342973,"z":-0.006716175004839897,"w":0.9752888679504395},"size":2.110610246658325,"orthographic":false}