{"cameraMode":{"drawMode":0,"name":"Shaded","section":"Shading Mode"},"sceneLighting":false,"audioPlay":false,"sceneViewState":{"m_AlwaysRefresh":false,"showFog":true,"showSkybox":false,"showFlares":true,"showImageEffects":true,"showParticleSystems":true,"showVisualEffectGraphs":true,"m_FxEnabled":true},"in2DMode":false,"pivot":{"x":-23.869258880615236,"y":1.4936102628707886,"z":6.177908420562744},"rotation":{"x":0.18818028271198274,"y":-0.26690399646759035,"z":0.05315516144037247,"w":0.9436960220336914},"size":2.110610246658325,"orthographic":false}